{
    "data/HarryPotterSorcersStone_Excerpt.pdf": 1781325536.1966321,
    "data/harrypotter.pdf": 1781426011.4003854,
    "data/(Book 3) Harry Potter And The Prisoner Of Azkaban_001.pdf": 1781325536.1813383,
    "data/hagrid.txt": 1781441809.3978999,
    "data/hagrid copy.txt": 1781540505.037769,
    "data/hagrid copy 2.txt": 1781540678.7498581
}